id,name,email,address,created_at
1,Client 1,client1@example.com,"Adresse 1, Ville 1",2024-12-08 14:43:12
2,Client 2,client2@example.com,"Adresse 2, Ville 2",2025-03-23 14:43:12
3,Client 3,client3@example.com,"Adresse 3, Ville 3",2025-01-02 14:43:12
4,Client 4,client4@example.com,"Adresse 4, Ville 4",2025-02-28 14:43:12
5,Client 5,client5@example.com,"Adresse 5, Ville 5",2024-05-21 14:43:12
6,Client 6,client6@example.com,"Adresse 6, Ville 6",2024-04-13 14:43:12
7,Client 7,client7@example.com,"Adresse 7, Ville 7",2025-03-05 14:43:12
8,Client 8,client8@example.com,"Adresse 8, Ville 8",2024-06-17 14:43:12
9,Client 9,client9@example.com,"Adresse 9, Ville 9",2024-08-20 14:43:12
10,Client 10,client10@example.com,"Adresse 10, Ville 10",2025-02-11 14:43:12
11,Client 11,client11@example.com,"Adresse 11, Ville 11",2024-08-10 14:43:12
12,Client 12,client12@example.com,"Adresse 12, Ville 12",2024-05-07 14:43:12
13,Client 13,client13@example.com,"Adresse 13, Ville 13",2024-12-12 14:43:12
14,Client 14,client14@example.com,"Adresse 14, Ville 14",2024-11-22 14:43:12
15,Client 15,client15@example.com,"Adresse 15, Ville 15",2024-11-22 14:43:12
16,Client 16,client16@example.com,"Adresse 16, Ville 16",2024-11-01 14:43:12
17,Client 17,client17@example.com,"Adresse 17, Ville 17",2024-10-27 14:43:12
18,Client 18,client18@example.com,"Adresse 18, Ville 18",2024-10-23 14:43:12
19,Client 19,client19@example.com,"Adresse 19, Ville 19",2024-11-05 14:43:12
20,Client 20,client20@example.com,"Adresse 20, Ville 20",2024-08-27 14:43:12
21,Client 21,client21@example.com,"Adresse 21, Ville 21",2024-12-10 14:43:12
22,Client 22,client22@example.com,"Adresse 22, Ville 22",2024-04-16 14:43:12
23,Client 23,client23@example.com,"Adresse 23, Ville 23",2025-01-28 14:43:12
24,Client 24,client24@example.com,"Adresse 24, Ville 24",2025-01-20 14:43:12
25,Client 25,client25@example.com,"Adresse 25, Ville 25",2024-10-03 14:43:12
26,Client 26,client26@example.com,"Adresse 26, Ville 26",2024-05-20 14:43:12
27,Client 27,client27@example.com,"Adresse 27, Ville 27",2024-04-23 14:43:12
28,Client 28,client28@example.com,"Adresse 28, Ville 28",2024-09-26 14:43:12
29,Client 29,client29@example.com,"Adresse 29, Ville 29",2025-03-18 14:43:12
30,Client 30,client30@example.com,"Adresse 30, Ville 30",2024-05-19 14:43:12
31,Client 31,client31@example.com,"Adresse 31, Ville 31",2024-08-02 14:43:12
32,Client 32,client32@example.com,"Adresse 32, Ville 32",2025-03-29 14:43:12
33,Client 33,client33@example.com,"Adresse 33, Ville 33",2024-12-29 14:43:12
34,Client 34,client34@example.com,"Adresse 34, Ville 34",2024-10-17 14:43:12
35,Client 35,client35@example.com,"Adresse 35, Ville 35",2024-10-19 14:43:12
36,Client 36,client36@example.com,"Adresse 36, Ville 36",2025-02-18 14:43:12
37,Client 37,client37@example.com,"Adresse 37, Ville 37",2025-02-24 14:43:12
38,Client 38,client38@example.com,"Adresse 38, Ville 38",2024-06-17 14:43:12
39,Client 39,client39@example.com,"Adresse 39, Ville 39",2024-09-24 14:43:12
40,Client 40,client40@example.com,"Adresse 40, Ville 40",2024-06-15 14:43:12
41,Client 41,client41@example.com,"Adresse 41, Ville 41",2024-12-26 14:43:12
42,Client 42,client42@example.com,"Adresse 42, Ville 42",2025-02-27 14:43:12
43,Client 43,client43@example.com,"Adresse 43, Ville 43",2025-03-16 14:43:12
44,Client 44,client44@example.com,"Adresse 44, Ville 44",2024-04-16 14:43:12
45,Client 45,client45@example.com,"Adresse 45, Ville 45",2024-12-08 14:43:12
46,Client 46,client46@example.com,"Adresse 46, Ville 46",2024-08-12 14:43:12
47,Client 47,client47@example.com,"Adresse 47, Ville 47",2024-04-05 14:43:12
48,Client 48,client48@example.com,"Adresse 48, Ville 48",2024-12-22 14:43:12
49,Client 49,client49@example.com,"Adresse 49, Ville 49",2024-12-23 14:43:12
50,Client 50,client50@example.com,"Adresse 50, Ville 50",2024-07-05 14:43:12
51,Client 51,client51@example.com,"Adresse 51, Ville 51",2024-08-29 14:43:12
52,Client 52,client52@example.com,"Adresse 52, Ville 52",2024-11-15 14:43:12
53,Client 53,client53@example.com,"Adresse 53, Ville 53",2024-05-25 14:43:12
54,Client 54,client54@example.com,"Adresse 54, Ville 54",2024-12-03 14:43:12
55,Client 55,client55@example.com,"Adresse 55, Ville 55",2025-01-09 14:43:12
56,Client 56,client56@example.com,"Adresse 56, Ville 56",2024-11-11 14:43:12
57,Client 57,client57@example.com,"Adresse 57, Ville 57",2024-11-03 14:43:12
58,Client 58,client58@example.com,"Adresse 58, Ville 58",2024-09-10 14:43:12
59,Client 59,client59@example.com,"Adresse 59, Ville 59",2024-08-14 14:43:12
60,Client 60,client60@example.com,"Adresse 60, Ville 60",2025-03-23 14:43:12
61,Client 61,client61@example.com,"Adresse 61, Ville 61",2024-11-15 14:43:12
62,Client 62,client62@example.com,"Adresse 62, Ville 62",2024-06-26 14:43:12
63,Client 63,client63@example.com,"Adresse 63, Ville 63",2025-02-09 14:43:12
64,Client 64,client64@example.com,"Adresse 64, Ville 64",2024-08-30 14:43:12
65,Client 65,client65@example.com,"Adresse 65, Ville 65",2025-01-29 14:43:12
66,Client 66,client66@example.com,"Adresse 66, Ville 66",2024-05-16 14:43:12
67,Client 67,client67@example.com,"Adresse 67, Ville 67",2024-08-01 14:43:12
68,Client 68,client68@example.com,"Adresse 68, Ville 68",2024-12-01 14:43:12
69,Client 69,client69@example.com,"Adresse 69, Ville 69",2025-02-01 14:43:12
70,Client 70,client70@example.com,"Adresse 70, Ville 70",2024-10-23 14:43:12
71,Client 71,client71@example.com,"Adresse 71, Ville 71",2024-05-23 14:43:12
72,Client 72,client72@example.com,"Adresse 72, Ville 72",2025-04-02 14:43:12
73,Client 73,client73@example.com,"Adresse 73, Ville 73",2024-10-19 14:43:12
74,Client 74,client74@example.com,"Adresse 74, Ville 74",2024-08-20 14:43:12
75,Client 75,client75@example.com,"Adresse 75, Ville 75",2024-11-26 14:43:12
76,Client 76,client76@example.com,"Adresse 76, Ville 76",2024-08-25 14:43:12
77,Client 77,client77@example.com,"Adresse 77, Ville 77",2024-09-15 14:43:12
78,Client 78,client78@example.com,"Adresse 78, Ville 78",2024-08-16 14:43:12
79,Client 79,client79@example.com,"Adresse 79, Ville 79",2025-01-18 14:43:12
80,Client 80,client80@example.com,"Adresse 80, Ville 80",2024-04-20 14:43:12
81,Client 81,client81@example.com,"Adresse 81, Ville 81",2025-03-27 14:43:12
82,Client 82,client82@example.com,"Adresse 82, Ville 82",2024-09-27 14:43:12
83,Client 83,client83@example.com,"Adresse 83, Ville 83",2024-09-10 14:43:12
84,Client 84,client84@example.com,"Adresse 84, Ville 84",2025-03-02 14:43:12
85,Client 85,client85@example.com,"Adresse 85, Ville 85",2024-06-21 14:43:12
86,Client 86,client86@example.com,"Adresse 86, Ville 86",2025-01-19 14:43:12
87,Client 87,client87@example.com,"Adresse 87, Ville 87",2024-05-03 14:43:12
88,Client 88,client88@example.com,"Adresse 88, Ville 88",2024-10-07 14:43:12
89,Client 89,client89@example.com,"Adresse 89, Ville 89",2024-09-07 14:43:12
90,Client 90,client90@example.com,"Adresse 90, Ville 90",2025-01-13 14:43:12
91,Client 91,client91@example.com,"Adresse 91, Ville 91",2025-02-12 14:43:12
92,Client 92,client92@example.com,"Adresse 92, Ville 92",2025-03-16 14:43:12
93,Client 93,client93@example.com,"Adresse 93, Ville 93",2025-01-06 14:43:12
94,Client 94,client94@example.com,"Adresse 94, Ville 94",2024-08-17 14:43:12
95,Client 95,client95@example.com,"Adresse 95, Ville 95",2024-09-18 14:43:12
96,Client 96,client96@example.com,"Adresse 96, Ville 96",2024-10-14 14:43:12
97,Client 97,client97@example.com,"Adresse 97, Ville 97",2025-03-05 14:43:12
98,Client 98,client98@example.com,"Adresse 98, Ville 98",2024-10-09 14:43:12
99,Client 99,client99@example.com,"Adresse 99, Ville 99",2024-12-02 14:43:12
100,Client 100,client100@example.com,"Adresse 100, Ville 100",2024-12-07 14:43:12
